name,email,phone,address
Howard Rogers,pellentesque.a.facilisis@ProinmiAliquam.co.uk,070 0674 2580,9171 Aliquam Rd.
Cameran Curtis,laoreet@ametrisusDonec.net,055 3110 5338,4466 Dui St.
Bryar Grant,Proin.velit@bibendumullamcorper.edu,0800 513016,P.O. Box 243 7395 Arcu. Rd.
Justine Berry,tristique.senectus@egetmassa.edu,(01562) 77272,898-2418 Sed Street
Josiah Parrish,et.ultrices@sociis.ca,(01292) 363798,Ap #705-743 Erat Street
Justina Curtis,Curabitur.egestas.nunc@lobortisquispede.net,0800 502 0407,P.O. Box 318 4358 Elit Rd.
Porter Perkins,ipsum.Suspendisse@miloremvehicula.edu,07388 866583,7259 Sem Avenue
Basia Guthrie,Curabitur.consequat@disparturient.org,076 6278 0980,787-1239 Fusce Av.
Wendy Barton,erat.Etiam.vestibulum@orci.org,070 5151 3677,Ap #571-4679 Molestie. Street
Castor Alston,Fusce.aliquam.enim@pretium.net,076 6346 3989,Ap #147-4848 Eget Avenue